,age_range,outcome,object_of_search,latitude,longitude,street_id
0,25-34,A no further action disposal,Controlled drugs,51.508588,-0.074039,1686590
1,25-34,A no further action disposal,Controlled drugs,51.509785,-0.068095,1687860
2,over 34,A no further action disposal,Article for use in theft,51.513647,-0.074330,1490955
3,over 34,Arrest,Article for use in theft,51.513647,-0.074330,1490955
4,25-34,Arrest,Article for use in theft,51.513647,-0.074330,1490955
5,25-34,Khat or Cannabis warning,Controlled drugs,51.515178,-0.076716,1490945
6,25-34,A no further action disposal,Controlled drugs,51.523634,-0.075769,1686579
7,25-34,A no further action disposal,Stolen goods,51.508588,-0.074039,1686590
8,over 34,A no further action disposal,Stolen goods,51.508588,-0.074039,1686590
9,25-34,A no further action disposal,Controlled drugs,51.517656,-0.077563,1490935
10,25-34,A no further action disposal,Controlled drugs,51.517656,-0.077563,1490935
11,25-34,A no further action disposal,Controlled drugs,51.513100,-0.072542,1687151
13,25-34,A no further action disposal,Stolen goods,51.514924,-0.074925,1490949
14,25-34,A no further action disposal,Controlled drugs,51.515894,-0.075922,1686599
15,25-34,Khat or Cannabis warning,Controlled drugs,51.515894,-0.075922,1686599
16,18-24,Arrest,Controlled drugs,51.511965,-0.075453,1490950
17,25-34,A no further action disposal,Stolen goods,51.517656,-0.077563,1490935
21,18-24,Arrest,Controlled drugs,51.511965,-0.075453,1490950
22,10-17,Arrest,Article for use in theft,51.511765,-0.060589,1689066
23,over 34,A no further action disposal,Stolen goods,51.517656,-0.077563,1490935
24,over 34,A no further action disposal,Offensive weapons,51.515313,-0.072300,1687197
25,25-34,A no further action disposal,Article for use in theft,51.517656,-0.077563,1490935
26,over 34,Arrest,Offensive weapons,51.513647,-0.074330,1490955
27,25-34,A no further action disposal,Controlled drugs,51.511965,-0.075453,1490950
28,18-24,Arrest,Controlled drugs,51.509577,-0.063679,1688584
29,25-34,A no further action disposal,Controlled drugs,51.513100,-0.072542,1687151
30,over 34,Arrest,Controlled drugs,51.513647,-0.074330,1490955
31,18-24,Khat or Cannabis warning,Controlled drugs,51.515225,-0.069709,1687574
32,18-24,Arrest,Article for use in theft,51.511748,-0.073704,1490959
33,18-24,Arrest,Evidence of offences under the Act,51.511748,-0.073704,1490959
34,over 34,A no further action disposal,Stolen goods,51.517656,-0.077563,1490935
35,over 34,A no further action disposal,Stolen goods,51.511965,-0.075453,1490950
36,25-34,A no further action disposal,Stolen goods,51.511164,-0.075401,1490951
37,18-24,Khat or Cannabis warning,Controlled drugs,51.511965,-0.075453,1490950
38,25-34,Arrest,Stolen goods,51.511164,-0.075401,1490951
39,over 34,A no further action disposal,Stolen goods,51.511164,-0.075401,1490951
40,25-34,A no further action disposal,Offensive weapons,51.527354,-0.055233,2345751
41,18-24,A no further action disposal,Evidence of offences under the Act,51.527354,-0.055233,2345751
42,18-24,Arrest,Controlled drugs,51.527354,-0.055233,2345751
43,18-24,A no further action disposal,Controlled drugs,51.502930,-0.018270,2344040
44,over 34,Arrest,Controlled drugs,51.511300,-0.056919,2344947
46,over 34,A no further action disposal,Controlled drugs,51.527354,-0.055233,2345751
47,over 34,Summons / charged by post,Controlled drugs,51.527354,-0.055233,2345751
48,18-24,A no further action disposal,Controlled drugs,51.525441,-0.033381,2344406
49,10-17,A no further action disposal,Stolen goods,51.502930,-0.018270,2344040
50,10-17,A no further action disposal,Stolen goods,51.502930,-0.018270,2344040
51,10-17,A no further action disposal,Stolen goods,51.502930,-0.018270,2344040
53,10-17,A no further action disposal,Evidence of offences under the Act,51.502930,-0.018270,2344040
54,10-17,A no further action disposal,Article for use in theft,51.502930,-0.018270,2344040
55,18-24,A no further action disposal,Controlled drugs,51.521982,-0.046438,2345132
56,18-24,Community resolution,Controlled drugs,51.521982,-0.046438,2345132
57,25-34,Community resolution,Controlled drugs,51.533358,-0.057970,1689287
60,25-34,Community resolution,Controlled drugs,51.510507,-0.070442,1687453
61,18-24,Community resolution,Controlled drugs,51.510092,-0.073111,1490963
62,over 34,A no further action disposal,Controlled drugs,51.526811,-0.044928,1691008
63,over 34,A no further action disposal,Controlled drugs,51.526811,-0.044928,1691008
64,over 34,Arrest,Controlled drugs,51.526811,-0.044928,1691008
65,25-34,A no further action disposal,Controlled drugs,51.510092,-0.073111,1490963
67,18-24,A no further action disposal,Controlled drugs,51.513898,-0.010199,1695000
68,18-24,Community resolution,Controlled drugs,51.516204,-0.020548,1693766
69,over 34,A no further action disposal,Stolen goods,51.520849,-0.059035,1689288
70,over 34,A no further action disposal,Controlled drugs,51.522582,-0.070840,1687370
71,18-24,A no further action disposal,Controlled drugs,51.516135,-0.047547,1690871
72,18-24,Penalty Notice for Disorder,Controlled drugs,51.516135,-0.047547,1690871
73,25-34,A no further action disposal,Controlled drugs,51.509785,-0.068095,1687860
74,18-24,Penalty Notice for Disorder,Controlled drugs,51.516135,-0.047547,1690871
75,25-34,Penalty Notice for Disorder,Controlled drugs,51.519119,-0.056615,1689543
76,over 34,Caution (simple or conditional),Offensive weapons,51.519968,-0.043866,1691264
77,10-17,Arrest,Stolen goods,51.518128,-0.033855,1692354
78,18-24,A no further action disposal,Controlled drugs,51.520222,-0.035300,1692309
79,25-34,A no further action disposal,Controlled drugs,51.520222,-0.035300,1692309
80,18-24,Arrest,Controlled drugs,51.520222,-0.035300,1692309
81,25-34,A no further action disposal,Controlled drugs,51.520222,-0.035300,1692309
82,over 34,A no further action disposal,Controlled drugs,51.516066,-0.041741,1691439
83,over 34,A no further action disposal,Controlled drugs,51.522003,-0.071715,1687316
84,18-24,A no further action disposal,Controlled drugs,51.513802,-0.039734,1691739
85,25-34,A no further action disposal,Controlled drugs,51.516187,-0.066973,1688033
86,over 34,A no further action disposal,Controlled drugs,51.516942,-0.073485,1687007
88,over 34,Arrest,Controlled drugs,51.516942,-0.073485,1687007
89,over 34,A no further action disposal,Controlled drugs,51.531848,-0.035340,1692121
90,25-34,A no further action disposal,Controlled drugs,51.516010,-0.067644,1687818
91,25-34,Arrest,Offensive weapons,51.515225,-0.069709,1687574
92,25-34,A no further action disposal,Controlled drugs,51.511348,-0.028512,1692969
93,over 34,Arrest,Controlled drugs,51.522582,-0.070840,1687370
94,over 34,A no further action disposal,Controlled drugs,51.528213,-0.014376,1694583
95,25-34,Arrest,Controlled drugs,51.516010,-0.067644,1687818
96,over 34,A no further action disposal,Controlled drugs,51.516010,-0.067644,1687818
97,25-34,A no further action disposal,Controlled drugs,51.525582,-0.059209,1689219
98,over 34,Arrest,Controlled drugs,51.525582,-0.059209,1689219
99,25-34,A no further action disposal,Controlled drugs,51.518744,-0.061676,1688865
100,over 34,Arrest,Offensive weapons,51.520731,-0.048114,1690662
101,over 34,A no further action disposal,Controlled drugs,51.518744,-0.061676,1688865
102,over 34,A no further action disposal,Controlled drugs,51.525289,-0.021192,1693828
103,18-24,A no further action disposal,Controlled drugs,51.516128,-0.071588,1687357
104,18-24,A no further action disposal,Controlled drugs,51.515225,-0.069709,1687574
105,over 34,Arrest,Controlled drugs,51.520402,-0.046744,1690852
106,over 34,A no further action disposal,Controlled drugs,51.514394,-0.038066,1691854
107,over 34,A no further action disposal,Controlled drugs,51.516010,-0.067644,1687818
108,25-34,Arrest,Controlled drugs,51.516187,-0.066973,1688033
109,18-24,A no further action disposal,Controlled drugs,51.515225,-0.069709,1687574
110,over 34,A no further action disposal,Controlled drugs,51.516187,-0.066973,1688033
111,18-24,A no further action disposal,Controlled drugs,51.515225,-0.069709,1687574
112,18-24,A no further action disposal,Controlled drugs,51.515225,-0.069709,1687574
113,18-24,A no further action disposal,Controlled drugs,51.514394,-0.038066,1691854
114,18-24,Summons / charged by post,Stolen goods,51.518258,-0.071498,1687256
115,18-24,A no further action disposal,Controlled drugs,51.509469,-0.036058,1691967
116,over 34,A no further action disposal,Controlled drugs,51.517964,-0.062401,1688800
117,over 34,Community resolution,Stolen goods,51.526732,-0.027300,1693025
118,over 34,Arrest,Controlled drugs,51.517964,-0.062401,1688800
119,over 34,A no further action disposal,Controlled drugs,51.516848,-0.023547,1693487
120,18-24,A no further action disposal,Controlled drugs,51.511348,-0.028512,1692969
121,over 34,Arrest,Controlled drugs,51.520402,-0.046744,1690852
122,over 34,Caution (simple or conditional),Controlled drugs,51.520402,-0.046744,1690852
123,over 34,A no further action disposal,Controlled drugs,51.532355,-0.056731,1689641
124,over 34,A no further action disposal,Controlled drugs,51.532355,-0.056731,1689641
126,18-24,A no further action disposal,Controlled drugs,51.516866,-0.066685,1688029
127,18-24,Arrest,Controlled drugs,51.516866,-0.066685,1688029
129,18-24,Community resolution,Controlled drugs,51.516848,-0.023547,1693487
130,18-24,Arrest,Controlled drugs,51.511110,-0.055227,1689804
132,10-17,A no further action disposal,Offensive weapons,51.512493,-0.062158,1688761
133,25-34,A no further action disposal,Controlled drugs,51.517777,-0.037070,1692064
134,over 34,A no further action disposal,Controlled drugs,51.527192,-0.057583,1689448
135,18-24,Community resolution,Controlled drugs,51.524084,-0.032459,1692631
136,25-34,A no further action disposal,Controlled drugs,51.524084,-0.032459,1692631
137,over 34,Arrest,Controlled drugs,51.522164,-0.046164,1691015
138,18-24,A no further action disposal,Controlled drugs,51.525060,-0.032720,1692549
139,18-24,A no further action disposal,Controlled drugs,51.514437,-0.040615,1691595
141,25-34,A no further action disposal,Controlled drugs,51.520402,-0.046744,1690852
143,18-24,A no further action disposal,Controlled drugs,51.529079,-0.063472,1688617
144,over 34,A no further action disposal,Controlled drugs,51.513096,-0.057823,1689405
145,over 34,A no further action disposal,Controlled drugs,51.513096,-0.057823,1689405
146,over 34,A no further action disposal,Controlled drugs,51.522774,-0.067776,1687870
147,over 34,A no further action disposal,Controlled drugs,51.513903,-0.057716,1689383
148,25-34,A no further action disposal,Controlled drugs,51.513903,-0.057716,1689383
149,over 34,A no further action disposal,Stolen goods,51.532448,-0.064900,1688416
150,10-17,A no further action disposal,Stolen goods,51.514437,-0.040615,1691595
151,25-34,A no further action disposal,Controlled drugs,51.522582,-0.070840,1687370
152,over 34,A no further action disposal,Controlled drugs,51.517129,-0.070873,1687404
153,25-34,A no further action disposal,Controlled drugs,51.516679,-0.072257,1687165
154,25-34,A no further action disposal,Controlled drugs,51.516679,-0.072257,1687165
155,18-24,A no further action disposal,Controlled drugs,51.515237,-0.068786,1687651
156,18-24,A no further action disposal,Controlled drugs,51.515237,-0.068786,1687651
157,18-24,A no further action disposal,Controlled drugs,51.515237,-0.068786,1687651
158,25-34,Arrest,Offensive weapons,51.515225,-0.069709,1687574
159,over 34,A no further action disposal,Stolen goods,51.524933,-0.035364,1692207
160,over 34,A no further action disposal,Stolen goods,51.532047,-0.028959,1692873
161,over 34,A no further action disposal,Controlled drugs,51.516679,-0.072257,1687165
162,25-34,A no further action disposal,Controlled drugs,51.490489,-0.022901,1693617
163,over 34,A no further action disposal,Controlled drugs,51.527132,-0.071930,1687298
164,over 34,A no further action disposal,Controlled drugs,51.527132,-0.071930,1687298
165,over 34,A no further action disposal,Controlled drugs,51.528410,-0.049703,1690498
167,25-34,A no further action disposal,Controlled drugs,51.511665,-0.047464,1690732
168,over 34,A no further action disposal,Controlled drugs,51.532469,-0.055830,1689746
169,25-34,Arrest,Offensive weapons,51.526732,-0.027300,1693025
170,over 34,Arrest,Stolen goods,51.511782,-0.021215,1693839
171,over 34,Arrest,Stolen goods,51.511719,-0.013205,1694734
172,over 34,Summons / charged by post,Controlled drugs,51.529079,-0.063472,1688617
173,25-34,Summons / charged by post,Controlled drugs,51.527222,-0.055578,1689738
174,over 34,A no further action disposal,Controlled drugs,51.523634,-0.075769,1686579
175,25-34,Summons / charged by post,Controlled drugs,51.516679,-0.072257,1687165
176,25-34,A no further action disposal,Controlled drugs,51.516679,-0.072257,1687165
177,over 34,A no further action disposal,Controlled drugs,51.517366,-0.073035,1687099
178,18-24,A no further action disposal,Controlled drugs,51.521175,-0.039144,1691804
179,over 34,A no further action disposal,Controlled drugs,51.521175,-0.039144,1691804
180,18-24,A no further action disposal,Offensive weapons,51.539332,-0.027923,1693091
183,over 34,A no further action disposal,Controlled drugs,51.512609,-0.057238,1689488
185,25-34,A no further action disposal,Controlled drugs,51.514366,-0.057956,1689357
186,over 34,A no further action disposal,Controlled drugs,51.513096,-0.057823,1689405
187,18-24,A no further action disposal,Controlled drugs,51.513542,-0.073456,1490961
188,over 34,A no further action disposal,Controlled drugs,51.513542,-0.073456,1490961
189,over 34,Arrest,Controlled drugs,51.517505,-0.074369,1686735
190,over 34,Arrest,Controlled drugs,51.514366,-0.057956,1689357
191,over 34,A no further action disposal,Controlled drugs,51.521432,-0.042707,1691376
192,over 34,A no further action disposal,Controlled drugs,51.521432,-0.042707,1691376
193,over 34,A no further action disposal,Controlled drugs,51.520402,-0.046744,1690852
194,over 34,A no further action disposal,Controlled drugs,51.520402,-0.046744,1690852
195,over 34,A no further action disposal,Controlled drugs,51.514067,-0.036249,1692189
196,25-34,Community resolution,Controlled drugs,51.514067,-0.036249,1692189
197,25-34,A no further action disposal,Stolen goods,51.526732,-0.027300,1693025
198,25-34,A no further action disposal,Controlled drugs,51.526166,-0.064576,1688324
199,25-34,Community resolution,Controlled drugs,51.516010,-0.067644,1687818
200,over 34,A no further action disposal,Controlled drugs,51.523182,-0.070728,1687440
201,25-34,A no further action disposal,Controlled drugs,51.522253,-0.018224,1694150
202,over 34,Arrest,Controlled drugs,51.515225,-0.069709,1687574
203,25-34,A no further action disposal,Controlled drugs,51.516010,-0.067644,1687818
204,18-24,Summons / charged by post,Controlled drugs,51.509188,-0.005043,1695616
205,over 34,A no further action disposal,Controlled drugs,51.516010,-0.067644,1687818
207,25-34,Summons / charged by post,Controlled drugs,51.513096,-0.057823,1689405
208,over 34,A no further action disposal,Controlled drugs,51.516010,-0.067644,1687818
209,18-24,A no further action disposal,Controlled drugs,51.509188,-0.005043,1695616
210,18-24,A no further action disposal,Controlled drugs,51.521966,-0.046649,1690951
211,18-24,A no further action disposal,Controlled drugs,51.521966,-0.046649,1690951
212,18-24,A no further action disposal,Controlled drugs,51.521966,-0.046649,1690951
213,18-24,A no further action disposal,Controlled drugs,51.521966,-0.046649,1690951
214,25-34,A no further action disposal,Offensive weapons,51.530577,-0.045891,1690829
216,over 34,A no further action disposal,Stolen goods,51.524449,-0.057585,1689393
217,18-24,Community resolution,Controlled drugs,51.516028,-0.062209,1688759
219,over 34,A no further action disposal,Controlled drugs,51.516010,-0.067644,1687818
220,18-24,A no further action disposal,Controlled drugs,51.516010,-0.067644,1687818
221,18-24,A no further action disposal,Controlled drugs,51.519548,-0.057592,1689497
222,over 34,A no further action disposal,Controlled drugs,51.516010,-0.067644,1687818
223,over 34,A no further action disposal,Controlled drugs,51.516010,-0.067644,1687818
224,25-34,Arrest,Controlled drugs,51.516679,-0.072257,1687165
225,over 34,A no further action disposal,Controlled drugs,51.516010,-0.067644,1687818
226,25-34,A no further action disposal,Controlled drugs,51.516010,-0.067644,1687818
227,over 34,A no further action disposal,Controlled drugs,51.516028,-0.062209,1688759
228,over 34,A no further action disposal,Controlled drugs,51.516010,-0.067644,1687818
229,18-24,A no further action disposal,Controlled drugs,51.515225,-0.069709,1687574
230,over 34,A no further action disposal,Controlled drugs,51.516028,-0.062209,1688759
231,18-24,A no further action disposal,Controlled drugs,51.515225,-0.069709,1687574
232,18-24,Penalty Notice for Disorder,Controlled drugs,51.515225,-0.069709,1687574
233,over 34,A no further action disposal,Controlled drugs,51.516010,-0.067644,1687818
234,over 34,A no further action disposal,Controlled drugs,51.515483,-0.068963,1687686
235,over 34,Arrest,Controlled drugs,51.515483,-0.068963,1687686
236,25-34,A no further action disposal,Controlled drugs,51.516866,-0.049850,1690358
237,over 34,A no further action disposal,Controlled drugs,51.516866,-0.049850,1690358
238,over 34,A no further action disposal,Controlled drugs,51.516866,-0.049850,1690358
239,25-34,A no further action disposal,Controlled drugs,51.516866,-0.049850,1690358
240,over 34,A no further action disposal,Controlled drugs,51.514347,-0.055723,1689678
241,18-24,A no further action disposal,Stolen goods,51.534337,-0.057322,1689464
242,over 34,A no further action disposal,Offensive weapons,51.520124,-0.069560,1687648
243,over 34,Arrest,Controlled drugs,51.519119,-0.056615,1689543
244,25-34,A no further action disposal,Offensive weapons,51.516600,-0.012056,1694871
246,18-24,Arrest,Stolen goods,51.515225,-0.069709,1687574
247,over 34,Arrest,Controlled drugs,51.527222,-0.055578,1689738
248,18-24,Arrest,Controlled drugs,51.520093,-0.051413,1690146
249,25-34,A no further action disposal,Controlled drugs,51.513247,-0.010515,1694990
250,10-17,Arrest,Controlled drugs,51.527222,-0.055578,1689738
251,25-34,Arrest,Controlled drugs,51.513247,-0.010515,1694990
252,over 34,Community resolution,Controlled drugs,51.520093,-0.051413,1690146
253,18-24,Arrest,Controlled drugs,51.496828,-0.011158,1694926
254,10-17,Community resolution,Controlled drugs,51.532448,-0.064900,1688416
255,18-24,A no further action disposal,Offensive weapons,51.515816,-0.056482,1689527
256,25-34,Arrest,Controlled drugs,51.519119,-0.056615,1689543
257,18-24,Arrest,Controlled drugs,51.518744,-0.061676,1688865
258,18-24,A no further action disposal,Stolen goods,51.530015,-0.055892,1689636
259,25-34,A no further action disposal,Stolen goods,51.518098,-0.068896,1687731
260,18-24,A no further action disposal,Controlled drugs,51.518128,-0.033855,1692354
261,10-17,Arrest,Stolen goods,51.509469,-0.036058,1691967
262,over 34,A no further action disposal,Controlled drugs,51.525793,-0.069234,1687693
263,25-34,Penalty Notice for Disorder,Controlled drugs,51.525867,-0.073180,1687026
264,over 34,A no further action disposal,Controlled drugs,51.525793,-0.069234,1687693
265,over 34,Arrest,Controlled drugs,51.517558,-0.028301,1693069
266,18-24,A no further action disposal,Offensive weapons,51.518128,-0.033855,1692354
267,18-24,A no further action disposal,Stolen goods,51.517834,-0.063790,1688627
268,18-24,Penalty Notice for Disorder,Stolen goods,51.509464,-0.026676,1693250
269,25-34,A no further action disposal,Controlled drugs,51.519119,-0.056615,1689543
270,25-34,A no further action disposal,Controlled drugs,51.519119,-0.056615,1689543
271,25-34,A no further action disposal,Controlled drugs,51.521342,-0.029824,1692888
273,over 34,Community resolution,Controlled drugs,51.515483,-0.068963,1687686
274,over 34,A no further action disposal,Controlled drugs,51.518229,-0.029180,1692875
275,18-24,A no further action disposal,Offensive weapons,51.518128,-0.033855,1692354
276,over 34,A no further action disposal,Controlled drugs,51.517558,-0.028301,1693069
277,over 34,A no further action disposal,Controlled drugs,51.518229,-0.029180,1692875
278,25-34,A no further action disposal,Controlled drugs,51.511063,-0.002684,1695662
279,over 34,A no further action disposal,Controlled drugs,51.517558,-0.028301,1693069
280,25-34,Penalty Notice for Disorder,Controlled drugs,51.530471,-0.054157,1689817
281,18-24,Penalty Notice for Disorder,Evidence of offences under the Act,51.504648,-0.025314,1693341
282,over 34,A no further action disposal,Offensive weapons,51.531400,-0.066242,1688158
283,18-24,A no further action disposal,Controlled drugs,51.511665,-0.047464,1690732
284,over 34,A no further action disposal,Stolen goods,51.517037,-0.064530,1688401
285,18-24,A no further action disposal,Controlled drugs,51.511665,-0.047464,1690732
286,25-34,Arrest,Controlled drugs,51.528538,-0.057959,1689447
287,18-24,A no further action disposal,Offensive weapons,51.518128,-0.033855,1692354
288,over 34,A no further action disposal,Controlled drugs,51.511341,-0.011103,1694971
289,18-24,A no further action disposal,Controlled drugs,51.511341,-0.011103,1694971
290,18-24,A no further action disposal,Controlled drugs,51.511341,-0.011103,1694971
291,18-24,A no further action disposal,Controlled drugs,51.511341,-0.011103,1694971
292,over 34,A no further action disposal,Controlled drugs,51.510246,-0.023458,1693588
293,25-34,A no further action disposal,Controlled drugs,51.510246,-0.023458,1693588
294,18-24,A no further action disposal,Stolen goods,51.519119,-0.056615,1689543
295,over 34,A no further action disposal,Stolen goods,51.525867,-0.073180,1687026
296,18-24,A no further action disposal,Controlled drugs,51.516980,-0.042653,1691406
297,over 34,Summons / charged by post,Controlled drugs,51.511341,-0.011103,1694971
298,18-24,Arrest,Controlled drugs,51.509464,-0.026676,1693250
300,18-24,A no further action disposal,Controlled drugs,51.509464,-0.026676,1693250
301,over 34,A no further action disposal,Controlled drugs,51.517505,-0.074369,1686735
302,25-34,A no further action disposal,Controlled drugs,51.525867,-0.073180,1687026
303,25-34,A no further action disposal,Controlled drugs,51.520449,-0.063088,1688641
304,10-17,Summons / charged by post,Controlled drugs,51.516234,-0.035680,1692198
305,over 34,A no further action disposal,Controlled drugs,51.524692,-0.052140,1690145
306,18-24,A no further action disposal,Controlled drugs,51.516234,-0.035680,1692198
307,18-24,A no further action disposal,Controlled drugs,51.516234,-0.035680,1692198
308,over 34,A no further action disposal,Controlled drugs,51.524692,-0.052140,1690145
309,over 34,A no further action disposal,Controlled drugs,51.523962,-0.064006,1688530
312,18-24,A no further action disposal,Controlled drugs,51.524362,-0.063182,1688700
313,25-34,Arrest,Stolen goods,51.498093,-0.018941,1694048
315,over 34,A no further action disposal,Controlled drugs,51.524814,-0.050318,1690427
316,over 34,Community resolution,Controlled drugs,51.526490,-0.016195,1694421
319,25-34,A no further action disposal,Controlled drugs,51.528233,-0.026225,1693207
320,25-34,A no further action disposal,Controlled drugs,51.531180,-0.046499,1690981
321,25-34,Arrest,Controlled drugs,51.528538,-0.057959,1689447
322,25-34,Arrest,Controlled drugs,51.517737,-0.043803,1691278
323,18-24,Arrest,Controlled drugs,51.514781,-0.063516,1688605
324,10-17,Arrest,Offensive weapons,51.526259,-0.012082,1694845
325,25-34,Arrest,Offensive weapons,51.509464,-0.026676,1693250
326,25-34,Arrest,Offensive weapons,51.526490,-0.016195,1694421
327,18-24,Arrest,Stolen goods,51.504954,-0.019450,1694097
328,10-17,Arrest,Stolen goods,51.504954,-0.019450,1694097
329,18-24,Arrest,Controlled drugs,51.511217,-0.063869,1688336
330,18-24,A no further action disposal,Controlled drugs,51.521347,-0.038142,1691892
331,18-24,Summons / charged by post,Controlled drugs,51.521347,-0.038142,1691892
332,18-24,A no further action disposal,Controlled drugs,51.525059,-0.019847,1693975
333,18-24,Community resolution,Controlled drugs,51.525059,-0.019847,1693975
334,18-24,A no further action disposal,Controlled drugs,51.525059,-0.019847,1693975
335,over 34,A no further action disposal,Offensive weapons,51.515225,-0.069709,1687574
336,over 34,A no further action disposal,Offensive weapons,51.515225,-0.069709,1687574
337,25-34,A no further action disposal,Stolen goods,51.526732,-0.027300,1693025
338,25-34,Penalty Notice for Disorder,Controlled drugs,51.525867,-0.073180,1687026
339,25-34,Community resolution,Controlled drugs,51.525867,-0.073180,1687026
340,over 34,A no further action disposal,Controlled drugs,51.526163,-0.072058,1687209
341,over 34,Arrest,Evidence of offences under the Act,51.531584,-0.028676,1692998
342,over 34,A no further action disposal,Stolen goods,51.516187,-0.066973,1688033
343,over 34,Arrest,Controlled drugs,51.515225,-0.069709,1687574
344,25-34,A no further action disposal,Controlled drugs,51.517129,-0.070873,1687404
345,25-34,A no further action disposal,Controlled drugs,51.517129,-0.070873,1687404
346,25-34,A no further action disposal,Offensive weapons,51.532355,-0.056731,1689641
348,18-24,A no further action disposal,Controlled drugs,51.516980,-0.042653,1691406
349,25-34,Community resolution,Controlled drugs,51.511010,-0.026062,1693266
350,over 34,A no further action disposal,Controlled drugs,51.534337,-0.057322,1689464
351,over 34,A no further action disposal,Controlled drugs,51.515225,-0.069709,1687574
352,over 34,Arrest,Evidence of offences under the Act,51.528076,-0.052341,1690206
353,18-24,Community resolution,Controlled drugs,51.515225,-0.069709,1687574
354,over 34,A no further action disposal,Controlled drugs,51.516980,-0.042653,1691406
355,10-17,A no further action disposal,Stolen goods,51.512683,-0.042174,1691418
356,25-34,A no further action disposal,Controlled drugs,51.516980,-0.042653,1691406
357,18-24,Community resolution,Controlled drugs,51.496340,-0.024304,1693474
358,10-17,Arrest,Offensive weapons,51.504648,-0.025314,1693341
359,over 34,A no further action disposal,Controlled drugs,51.529079,-0.063472,1688617
360,25-34,Arrest,Controlled drugs,51.515911,-0.064405,1688313
361,25-34,A no further action disposal,Controlled drugs,51.523634,-0.075769,1686579
362,25-34,Penalty Notice for Disorder,Controlled drugs,51.526367,-0.061511,1688905
363,over 34,A no further action disposal,Controlled drugs,51.516834,-0.070175,1687414
364,25-34,A no further action disposal,Controlled drugs,51.516731,-0.054685,1689882
365,25-34,A no further action disposal,Controlled drugs,51.516731,-0.054685,1689882
366,over 34,A no further action disposal,Controlled drugs,51.516731,-0.054685,1689882
367,over 34,A no further action disposal,Controlled drugs,51.516899,-0.057229,1689371
368,25-34,A no further action disposal,Evidence of offences under the Act,51.525867,-0.073180,1687026
369,10-17,Arrest,Stolen goods,51.526490,-0.016195,1694421
370,25-34,A no further action disposal,Offensive weapons,51.515225,-0.069709,1687574
372,25-34,Summons / charged by post,Controlled drugs,51.523768,-0.016861,1694301
373,18-24,Community resolution,Controlled drugs,51.516010,-0.067644,1687818
374,10-17,A no further action disposal,Stolen goods,51.516128,-0.071588,1687357
375,25-34,Summons / charged by post,Controlled drugs,51.513207,-0.026803,1693078
376,over 34,A no further action disposal,Stolen goods,51.523634,-0.075769,1686579
377,18-24,Community resolution,Controlled drugs,51.523634,-0.075769,1686579
378,18-24,A no further action disposal,Controlled drugs,51.516010,-0.067644,1687818
380,over 34,A no further action disposal,Controlled drugs,51.516187,-0.066973,1688033
381,10-17,Arrest,Controlled drugs,51.522272,-0.054794,1689811
382,over 34,A no further action disposal,Controlled drugs,51.508717,-0.065474,1688032
383,25-34,A no further action disposal,Evidence of offences under the Act,51.523868,-0.012143,1694904
384,18-24,Community resolution,Controlled drugs,51.515483,-0.068963,1687686
385,over 34,A no further action disposal,Controlled drugs,51.526163,-0.072058,1687209
386,25-34,A no further action disposal,Controlled drugs,51.526163,-0.072058,1687209
387,over 34,A no further action disposal,Evidence of offences under the Act,51.520539,-0.058760,1689312
389,18-24,A no further action disposal,Evidence of offences under the Act,51.529720,-0.045754,1691032
390,18-24,Community resolution,Controlled drugs,51.521432,-0.042707,1691376
391,18-24,A no further action disposal,Controlled drugs,51.521432,-0.042707,1691376
392,18-24,A no further action disposal,Evidence of offences under the Act,51.514762,-0.062335,1688765
393,10-17,Penalty Notice for Disorder,Stolen goods,51.525867,-0.073180,1687026
394,over 34,A no further action disposal,Controlled drugs,51.514793,-0.064207,1688489
395,over 34,A no further action disposal,Controlled drugs,51.513048,-0.064181,1688408
397,over 34,A no further action disposal,Controlled drugs,51.514280,-0.054962,1689826
398,25-34,A no further action disposal,Controlled drugs,51.514035,-0.047795,1690739
399,18-24,Community resolution,Controlled drugs,51.518768,-0.053906,1689923
400,25-34,A no further action disposal,Controlled drugs,51.514020,-0.049568,1690552
401,10-17,A no further action disposal,Stolen goods,51.513247,-0.010515,1694990
402,25-34,Penalty Notice for Disorder,Controlled drugs,51.514280,-0.054962,1689826
403,over 34,A no further action disposal,Controlled drugs,51.533007,-0.053601,1689931
404,18-24,Arrest,Controlled drugs,51.520823,-0.045559,1691005
405,25-34,A no further action disposal,Stolen goods,51.519119,-0.056615,1689543
406,18-24,Arrest,Stolen goods,51.508717,-0.065474,1688032
407,over 34,Arrest,Controlled drugs,51.524862,-0.068422,1687760
408,over 34,Arrest,Controlled drugs,51.516558,-0.071440,1687374
409,25-34,A no further action disposal,Controlled drugs,51.525867,-0.073180,1687026
410,25-34,A no further action disposal,Controlled drugs,51.523880,-0.059613,1689024
412,25-34,A no further action disposal,Controlled drugs,51.519119,-0.056615,1689543
413,18-24,A no further action disposal,Controlled drugs,51.523634,-0.075769,1686579
414,25-34,A no further action disposal,Controlled drugs,51.529079,-0.063472,1688617
415,over 34,A no further action disposal,Controlled drugs,51.529079,-0.063472,1688617
416,18-24,A no further action disposal,Offensive weapons,51.511010,-0.026062,1693266
417,18-24,Community resolution,Offensive weapons,51.515225,-0.069709,1687574
418,over 34,A no further action disposal,Controlled drugs,51.516834,-0.070175,1687414
419,18-24,Arrest,Offensive weapons,51.527973,-0.065148,1688247
420,25-34,A no further action disposal,Controlled drugs,51.521541,-0.059539,1689218
421,25-34,A no further action disposal,Controlled drugs,51.527833,-0.021673,1693795
422,over 34,A no further action disposal,Stolen goods,51.516679,-0.072257,1687165
423,over 34,A no further action disposal,Stolen goods,51.516679,-0.072257,1687165
424,25-34,A no further action disposal,Controlled drugs,51.509083,-0.022211,1693675
425,10-17,A no further action disposal,Offensive weapons,51.515816,-0.056482,1689527
426,over 34,Penalty Notice for Disorder,Controlled drugs,51.522254,-0.037007,1692042
427,25-34,Penalty Notice for Disorder,Controlled drugs,51.527833,-0.021673,1693795
428,over 34,A no further action disposal,Controlled drugs,51.519968,-0.043866,1691264
429,over 34,A no further action disposal,Controlled drugs,51.519968,-0.043866,1691264
430,18-24,A no further action disposal,Offensive weapons,51.487931,-0.012540,1694602
432,18-24,A no further action disposal,Stolen goods,51.515225,-0.069709,1687574
433,18-24,A no further action disposal,Controlled drugs,51.487931,-0.012540,1694602
434,18-24,Arrest,Controlled drugs,51.511110,-0.055227,1689804
435,18-24,Arrest,Stolen goods,51.525476,-0.050636,1690421
436,over 34,A no further action disposal,Controlled drugs,51.521966,-0.046649,1690951
437,25-34,A no further action disposal,Controlled drugs,51.521966,-0.046649,1690951
438,over 34,A no further action disposal,Controlled drugs,51.521966,-0.046649,1690951
439,over 34,A no further action disposal,Controlled drugs,51.518098,-0.068896,1687731
440,over 34,A no further action disposal,Controlled drugs,51.518098,-0.068896,1687731
441,over 34,Arrest,Controlled drugs,51.518098,-0.068896,1687731
442,over 34,A no further action disposal,Controlled drugs,51.518098,-0.068896,1687731
443,25-34,A no further action disposal,Offensive weapons,51.525766,-0.065977,1688212
444,25-34,Arrest,Offensive weapons,51.525766,-0.065977,1688212
445,25-34,Arrest,Offensive weapons,51.525766,-0.065977,1688212
446,25-34,Summons / charged by post,Controlled drugs,51.539332,-0.027923,1693091
447,10-17,Arrest,Offensive weapons,51.525766,-0.065977,1688212
448,over 34,A no further action disposal,Controlled drugs,51.518539,-0.073700,1686930
449,over 34,A no further action disposal,Controlled drugs,51.518098,-0.068896,1687731
450,over 34,A no further action disposal,Controlled drugs,51.518098,-0.068896,1687731
451,25-34,Community resolution,Controlled drugs,51.520466,-0.073971,1686928
452,over 34,A no further action disposal,Controlled drugs,51.518098,-0.068896,1687731
453,over 34,A no further action disposal,Controlled drugs,51.523868,-0.012143,1694904
454,18-24,Arrest,Stolen goods,51.525424,-0.023867,1693544
455,18-24,A no further action disposal,Offensive weapons,51.515816,-0.056482,1689527
456,over 34,A no further action disposal,Controlled drugs,51.525582,-0.059209,1689219
457,25-34,Arrest,Offensive weapons,51.513763,-0.039015,1691842
458,18-24,A no further action disposal,Offensive weapons,51.517146,-0.014021,1694646
